index,detect_ms,n_detections,scene_locked,battery_c
1,160.56,1,false,31.20
2,159.03,1,false,31.20
3,174.07,1,false,31.20
4,157.58,1,false,31.20
5,168.17,1,false,31.20
6,144.47,1,false,31.20
7,166.37,1,false,31.20
8,156.82,1,false,31.20
9,167.86,1,false,31.20
10,158.84,1,false,31.20
11,146.98,1,false,31.20
12,144.70,1,false,31.20
13,162.27,1,true,31.20
14,156.31,1,true,31.20
15,156.20,1,true,31.20
16,160.63,1,true,31.20
17,146.39,1,true,31.20
18,154.10,1,true,31.20
19,171.88,1,true,31.20
20,138.73,1,true,31.20
21,144.26,1,true,31.20
22,137.38,1,true,31.20
23,137.77,1,true,31.20
24,129.10,1,true,31.20
25,130.21,1,true,31.20
26,151.48,1,true,31.20
27,143.04,1,true,31.20
28,156.65,1,true,31.20
29,142.43,1,true,31.20
30,177.18,1,true,31.20
31,166.75,1,true,31.20
32,161.01,1,true,31.20
33,166.81,1,true,31.20
34,166.62,1,true,31.20
35,170.96,1,true,31.20
36,156.58,1,true,31.20
37,169.49,1,true,31.20
38,160.55,1,true,31.20
39,157.89,1,true,31.20
40,162.84,1,true,31.20
41,163.72,1,true,31.20
42,167.77,1,true,31.20
43,158.42,1,true,31.20
44,171.52,1,true,31.20
45,163.58,1,true,31.20
46,166.75,1,true,31.20
47,154.11,1,true,31.20
48,144.48,1,true,31.20
49,169.95,1,true,31.20
50,173.27,1,true,31.20
51,162.98,1,true,31.20
52,172.12,1,true,31.20
53,158.65,1,true,31.20
54,160.23,1,true,31.20
55,158.97,1,true,31.20
56,164.95,1,true,31.20
57,172.48,1,true,31.20
58,167.81,1,true,31.20
59,164.33,1,true,31.20
60,161.91,1,true,31.20
61,159.70,1,true,31.20
62,157.59,1,true,31.20
63,161.31,1,true,31.20
64,172.78,1,true,31.20
65,170.24,1,true,31.20
66,163.29,1,true,31.20
67,149.67,1,true,31.20
68,149.12,1,true,31.20
69,165.31,1,true,31.20
70,164.49,1,true,31.20
71,156.34,1,true,31.20
72,162.21,1,true,31.20
73,167.95,1,true,31.20
74,168.99,1,true,31.20
75,168.52,1,true,31.20
76,152.94,1,true,31.20
77,174.47,1,true,31.20
78,170.25,1,true,31.20
79,161.54,1,true,31.20
80,158.25,1,true,31.20
81,162.25,1,true,31.20
82,162.40,1,true,31.20
83,169.88,1,true,31.20
84,156.24,1,true,31.20
85,159.32,1,true,31.20
86,169.14,1,true,31.20
87,152.73,1,true,31.20
88,162.77,1,true,31.20
89,157.21,1,true,31.20
90,157.20,1,true,31.20
91,152.52,1,true,31.20
92,161.89,1,true,31.20
93,166.62,1,true,31.20
94,164.66,1,true,31.20
95,164.87,1,true,31.20
96,164.60,1,true,31.20
97,146.51,1,true,31.20
98,147.42,1,true,31.20
99,131.97,1,true,31.20
100,137.29,1,true,31.20
101,133.64,1,true,31.20
102,134.17,1,true,31.20
103,155.65,1,true,31.20
104,147.00,1,true,31.20
105,136.26,1,true,31.20
106,136.73,1,true,31.20
107,136.46,1,true,31.20
108,134.64,1,true,31.20
109,131.99,1,true,31.20
110,135.16,1,true,31.20
111,148.30,1,true,31.20
112,158.43,1,true,31.20
113,166.60,1,true,31.20
114,160.35,1,true,31.20
115,167.12,1,true,31.20
116,164.55,1,true,31.20
117,167.64,1,true,31.20
118,165.08,1,true,31.20
119,160.26,1,true,31.20
120,162.67,1,true,31.20
121,158.65,1,true,31.20
122,155.04,1,true,31.20
123,167.05,1,true,31.20
124,160.19,1,true,31.20
125,163.72,1,true,31.20
126,159.80,1,true,31.20
127,160.94,1,true,31.20
128,170.20,1,true,31.20
129,160.46,1,true,31.20
130,167.97,1,true,31.20
131,164.14,1,true,31.20
132,158.02,1,true,31.20
133,166.17,1,true,31.20
134,156.01,1,true,31.20
135,159.41,1,true,31.20
136,139.35,1,true,31.20
137,149.81,1,true,31.20
138,138.28,1,true,31.20
139,137.64,1,true,31.20
140,145.70,1,true,31.20
141,137.27,1,true,31.20
142,137.74,1,true,31.20
143,140.32,1,true,31.20
144,140.07,1,true,31.20
145,144.40,1,true,31.20
146,141.02,1,true,31.20
147,154.72,1,true,31.20
148,140.72,1,true,31.20
149,138.52,1,true,31.20
150,141.20,1,true,31.20
151,159.26,1,true,32.20
152,164.64,1,true,32.20
153,167.83,1,true,32.20
154,166.64,1,true,32.20
155,164.31,1,true,32.20
156,160.72,1,true,32.20
157,163.09,1,true,32.20
158,159.17,1,true,32.20
159,166.93,1,true,32.20
160,161.96,1,true,32.20
161,162.18,1,true,32.20
162,166.81,1,true,32.20
163,171.51,1,true,32.20
164,163.49,1,true,32.20
165,165.74,1,true,32.20
166,157.03,1,true,32.20
167,156.43,1,true,32.20
168,162.40,1,true,32.20
169,152.22,1,true,32.20
170,163.27,1,true,32.20
171,163.90,1,true,32.20
172,169.02,1,true,32.20
173,169.34,1,true,32.20
174,168.14,1,true,32.20
175,167.91,1,true,32.20
176,164.58,1,true,32.20
177,161.82,1,true,32.20
178,158.98,1,true,32.20
179,163.83,1,true,32.20
180,162.77,1,true,32.20
181,176.58,1,true,32.20
182,162.83,1,true,32.20
183,158.18,1,true,32.20
184,162.22,1,true,32.20
185,142.79,1,true,32.20
186,159.38,1,true,32.20
187,163.02,1,true,32.20
188,166.43,1,true,32.20
189,167.57,1,true,32.20
190,165.33,1,true,32.20
191,162.95,1,true,32.20
192,165.84,1,true,32.20
193,162.28,1,true,32.20
194,166.90,1,true,32.20
195,164.94,1,true,32.20
196,162.88,1,true,32.20
197,161.58,1,true,32.20
198,163.44,1,true,32.20
199,158.91,1,true,32.20
200,160.17,1,true,32.20
201,167.76,1,true,32.20
202,160.12,1,true,32.20
203,158.64,1,true,32.20
204,158.29,1,true,32.20
205,166.71,1,true,32.20
206,171.48,1,true,32.20
207,165.85,1,true,32.20
208,158.33,1,true,32.20
209,173.52,1,true,32.20
210,165.80,1,true,32.20
211,170.66,1,true,32.20
212,169.49,1,true,32.20
213,169.76,1,true,32.20
214,153.48,1,true,32.20
215,153.39,1,true,32.20
216,160.78,1,true,32.20
217,170.77,1,true,32.20
218,167.58,1,true,32.20
219,167.50,1,true,32.20
220,163.42,1,true,32.20
221,164.21,1,true,32.20
222,165.57,1,true,32.20
223,164.41,1,true,32.20
224,166.03,1,true,32.20
225,168.71,1,true,32.20
226,163.39,1,true,32.20
227,168.62,1,true,32.20
228,161.98,1,true,32.70
229,169.42,1,true,32.70
230,161.55,1,true,32.70
231,166.03,1,true,32.70
232,164.54,1,true,32.70
233,169.64,1,true,32.70
234,154.17,1,true,32.70
235,163.22,1,true,32.70
236,164.57,1,true,32.70
237,156.85,1,true,32.70
238,148.63,1,true,32.70
239,168.14,1,true,32.70
240,165.75,1,true,32.70
241,169.33,1,true,32.70
242,165.69,1,true,32.70
243,165.24,1,true,32.70
244,169.44,1,true,32.70
245,163.85,1,true,32.70
246,158.24,1,true,32.70
247,153.90,1,true,32.70
248,156.24,1,true,32.70
249,174.10,1,true,32.70
250,160.61,1,true,32.70
251,167.76,1,true,32.70
252,147.00,1,true,32.70
253,143.63,1,true,32.70
254,160.43,1,true,32.70
255,158.64,1,true,32.70
256,158.91,1,true,32.70
257,164.01,1,true,32.70
258,144.59,1,true,32.70
259,160.85,1,true,32.70
260,163.61,1,true,32.70
261,152.79,1,true,32.70
262,156.47,1,true,32.70
263,161.16,1,true,32.70
264,139.02,1,true,32.70
265,154.09,1,true,32.70
266,157.44,1,true,32.70
267,160.85,1,true,32.70
268,158.98,1,true,32.70
269,161.89,1,true,32.70
270,153.66,1,true,32.70
271,144.45,1,true,32.70
272,164.14,1,true,32.70
273,167.00,1,true,32.70
274,163.32,1,true,32.70
275,160.15,1,true,32.70
276,158.66,1,true,32.70
277,158.48,1,true,32.70
278,170.05,1,true,32.70
279,153.42,1,true,32.70
280,160.11,1,true,32.70
281,163.39,1,true,32.70
282,149.34,1,true,32.70
283,161.27,1,true,32.70
284,147.34,1,true,32.70
285,155.50,1,true,32.70
286,155.69,1,true,32.70
287,155.75,1,true,32.70
288,140.24,1,true,32.70
289,148.68,1,true,32.70
290,158.79,1,true,32.70
291,145.17,1,true,32.70
292,160.95,1,true,32.70
293,150.49,1,true,32.70
294,159.19,1,true,32.70
295,155.21,1,true,32.70
296,161.40,1,true,32.70
297,171.45,1,true,32.70
298,156.60,1,true,32.70
299,165.41,1,true,32.70
300,168.66,1,true,32.70
301,156.34,1,true,32.70
302,165.33,1,true,32.70
303,149.22,1,true,32.70
304,154.26,1,true,32.70
305,153.92,1,true,32.70
306,157.14,1,true,32.70
307,159.36,1,true,32.70
308,159.48,1,true,32.70
309,152.39,1,true,32.70
310,164.59,1,true,32.70
311,154.06,1,true,32.70
312,144.54,1,true,32.70
313,153.88,1,true,32.70
314,148.07,1,true,32.70
315,150.16,1,true,32.70
316,157.66,1,true,32.70
317,158.98,1,true,32.70
318,162.91,1,true,32.70
319,151.81,1,true,32.70
320,153.77,1,true,32.70
321,170.43,1,true,32.70
322,163.11,1,true,32.70
323,159.36,1,true,32.70
324,153.80,1,true,32.70
325,154.88,1,true,32.70
326,164.97,1,true,32.70
327,162.37,1,true,32.70
328,160.64,1,true,32.70
329,155.25,1,true,32.70
330,153.37,1,true,32.70
331,152.48,1,true,32.70
332,153.01,1,true,32.70
333,146.39,1,true,32.70
334,154.86,1,true,32.70
335,152.23,1,true,32.70
336,152.43,1,true,32.70
337,156.14,1,true,32.70
338,149.83,1,true,32.70
339,158.40,1,true,32.70
340,163.57,1,true,32.70
341,162.50,1,true,32.70
342,150.94,1,true,32.70
343,142.19,1,true,32.70
344,158.08,1,true,32.70
345,165.35,1,true,32.70
346,161.24,1,true,32.70
347,165.80,1,true,32.70
348,150.52,1,true,32.70
349,158.81,1,true,32.70
350,167.07,1,true,32.70
351,159.37,1,true,32.70
352,159.02,1,true,32.70
353,157.80,1,true,32.70
354,158.28,1,true,32.70
355,159.94,1,true,32.70
356,152.77,1,true,32.70
357,163.63,1,true,32.70
358,157.92,1,true,32.70
359,159.11,1,true,32.70
360,162.62,1,true,32.70
361,157.87,1,true,32.70
362,158.33,1,true,32.70
363,156.64,1,true,32.70
364,149.33,1,true,32.70
365,135.05,1,true,32.70
366,163.19,1,true,32.70
367,152.30,1,true,32.70
368,162.67,1,true,32.70
369,153.58,1,true,32.70
370,159.14,1,true,32.70
371,162.73,1,true,32.70
372,155.26,1,true,32.70
373,162.86,1,true,32.70
374,164.85,1,true,32.70
375,168.09,1,true,32.70
376,152.62,1,true,32.70
377,168.94,1,true,32.70
378,167.10,1,true,32.70
379,163.70,1,true,32.70
380,154.85,1,true,32.70
381,167.91,1,true,32.70
382,156.27,1,true,32.70
383,162.61,1,true,32.70
384,149.20,1,true,32.70
385,164.23,1,true,32.70
386,155.79,1,true,32.70
387,156.82,1,true,32.70
388,148.18,1,true,32.70
389,156.23,1,true,32.70
390,157.60,1,true,32.70
391,143.81,1,true,32.70
392,154.75,1,true,32.70
393,170.48,1,true,32.70
394,156.16,1,true,32.70
395,150.64,1,true,32.70
396,161.44,1,true,32.70
397,154.86,1,true,32.70
398,170.07,1,true,32.70
399,153.32,1,true,32.70
400,153.16,1,true,32.70
401,159.56,1,true,32.70
402,158.27,1,true,32.70
403,157.60,1,true,32.70
404,154.75,1,true,32.70
405,160.73,1,true,32.70
406,157.35,1,true,32.70
407,157.64,1,true,32.70
408,152.00,1,true,32.70
409,152.22,1,true,32.70
410,159.27,1,true,32.70
411,157.96,1,true,32.70
412,146.63,1,true,32.70
413,161.08,1,true,32.70
414,154.50,1,true,32.70
415,152.22,1,true,32.70
416,157.96,1,true,32.70
417,166.61,1,true,32.70
418,155.69,1,true,32.70
419,157.45,1,true,32.70
420,153.15,1,true,32.70
421,154.99,1,true,32.70
422,168.26,1,true,32.70
423,157.04,1,true,32.70
424,165.20,1,true,32.70
425,162.77,1,true,32.70
426,171.07,1,true,32.70
427,169.88,1,true,32.70
428,170.60,1,true,32.70
429,177.86,1,true,32.70
430,179.52,1,true,32.70
431,167.55,1,true,32.70
432,166.63,1,true,32.70
433,172.52,1,true,32.70
434,162.48,1,true,32.70
435,172.57,1,true,32.70
436,180.08,1,true,32.70
437,172.76,1,true,32.70
438,170.32,1,true,32.70
439,179.27,1,true,32.70
440,175.13,1,true,32.70
441,161.48,1,true,32.70
442,174.89,1,true,32.70
443,172.37,1,true,32.70
444,174.43,1,true,32.70
445,167.53,1,true,32.70
446,167.69,1,true,32.70
447,163.40,1,true,32.70
448,175.92,1,true,32.70
449,175.70,1,true,32.70
450,168.56,1,true,32.70
451,184.06,1,true,32.70
452,179.15,1,true,32.70
453,177.32,1,true,32.70
454,161.20,1,true,32.70
455,171.08,1,true,32.70
456,169.02,1,true,32.70
457,175.45,1,true,32.70
458,170.93,1,true,32.70
459,170.68,1,true,32.70
460,166.92,1,true,32.70
461,169.73,1,true,32.70
462,173.54,1,true,32.70
463,177.27,1,true,32.70
464,181.13,1,true,32.70
465,170.94,1,true,32.70
466,163.11,1,true,32.70
467,158.13,1,true,32.70
468,164.95,1,true,32.70
469,160.23,1,true,32.70
470,162.18,1,true,32.70
471,140.94,1,true,32.70
472,140.42,1,true,32.70
473,165.46,1,true,32.70
474,169.29,1,true,32.70
475,170.27,1,true,32.70
476,167.65,1,true,32.70
477,183.59,1,true,32.70
478,167.37,1,true,32.70
479,166.42,1,true,32.70
480,165.04,1,true,32.70
481,171.77,1,true,32.70
482,171.62,1,true,32.70
483,160.61,1,true,32.70
484,175.28,1,true,32.70
485,172.34,1,true,32.70
486,163.60,1,true,32.70
487,168.71,1,true,32.70
488,173.61,1,true,32.70
489,170.15,1,true,32.70
490,180.95,1,true,32.70
491,175.62,1,true,32.70
492,167.97,1,true,32.70
493,183.64,1,true,32.70
494,183.89,1,true,32.70
495,171.54,1,true,32.70
496,165.33,1,true,32.70
497,180.15,1,true,32.70
498,167.62,1,true,32.70
499,190.29,1,true,32.70
500,182.56,1,true,32.70
501,162.59,1,true,32.70
502,180.53,1,true,32.70
503,177.57,1,true,32.70
504,181.78,1,true,32.70
505,184.36,1,true,32.70
506,186.29,1,true,32.70
507,192.68,1,true,32.70
508,187.38,1,true,32.70
509,191.20,1,true,32.70
510,174.90,1,true,32.70
511,185.23,1,true,32.70
512,180.09,1,true,32.70
513,172.68,1,true,32.70
514,189.66,1,true,32.70
515,180.20,1,true,32.70
516,189.77,1,true,32.70
517,181.65,1,true,32.70
518,190.03,1,true,32.70
519,172.74,1,true,32.70
520,182.78,1,true,32.70
521,188.80,1,true,32.70
522,191.82,1,true,32.70
523,174.67,1,true,32.70
524,173.52,1,true,32.70
525,183.06,1,true,32.70
526,186.43,1,true,32.70
527,192.19,1,true,32.70
528,176.22,1,true,32.70
529,180.89,1,true,32.70
530,176.10,1,true,32.70
531,174.09,1,true,32.70
532,187.29,1,true,32.70
533,189.93,1,true,34.00
534,190.88,1,true,34.00
535,179.33,1,true,34.00
536,176.71,1,true,34.00
537,196.05,1,true,34.00
538,174.88,1,true,34.00
539,201.94,1,true,34.00
540,178.12,1,true,34.00
541,183.94,1,true,34.00
542,171.13,1,true,34.00
543,172.10,1,true,34.00
544,197.87,1,true,34.00
545,192.95,1,true,34.00
546,196.14,1,true,34.00
547,201.30,1,true,34.00
548,188.08,1,true,34.00
549,196.19,1,true,34.00
550,203.50,1,true,34.00
551,189.62,1,true,34.00
552,193.35,1,true,34.00
553,198.99,1,true,34.00
554,190.64,1,true,34.00
555,194.29,1,true,34.00
556,198.74,1,true,34.00
557,190.56,1,true,34.00
558,192.49,1,true,34.00
559,201.68,1,true,34.00
560,197.03,1,true,34.00
561,193.53,1,true,34.00
562,198.53,1,true,34.00
563,197.64,1,true,34.00
564,195.55,1,true,34.00
565,195.85,1,true,34.00
566,193.94,1,true,34.00
567,190.33,1,true,34.00
568,188.38,1,true,34.00
569,185.43,1,true,34.00
570,200.18,1,true,34.00
571,195.56,1,true,34.00
572,198.66,1,true,34.00
573,196.69,1,true,34.00
574,196.85,1,true,34.00
575,197.70,1,true,34.00
576,192.70,1,true,34.00
577,196.22,1,true,34.00
578,194.59,1,true,34.00
579,194.56,1,true,34.00
580,183.48,1,true,34.00
581,192.87,1,true,34.00
582,197.49,1,true,34.00
583,189.45,1,true,34.00
584,195.82,1,true,34.00
585,206.57,1,true,34.00
586,190.76,1,true,34.00
587,190.38,1,true,34.00
588,190.33,1,true,34.00
589,188.31,1,true,34.00
590,196.72,1,true,34.00
591,198.47,1,true,34.00
592,188.00,1,true,34.00
593,194.38,1,true,34.00
594,195.34,1,true,34.00
595,182.59,1,true,34.00
596,189.17,1,true,34.00
597,189.76,1,true,34.00
598,196.89,1,true,34.00
599,196.41,1,true,34.00
600,189.22,1,true,34.00
601,192.73,1,true,34.00
602,183.57,1,true,34.00
603,196.72,1,true,34.00
604,185.21,1,true,34.00
605,193.56,1,true,34.00
606,187.91,1,true,34.00
607,192.56,1,true,34.00
608,199.02,1,true,34.00
609,178.59,1,true,34.00
610,185.44,1,true,34.00
611,200.98,1,true,34.00
612,205.62,1,true,34.00
613,197.17,1,true,34.00
614,215.23,1,true,34.00
615,202.55,1,true,34.00
616,207.11,1,true,34.00
617,200.33,1,true,34.00
618,194.90,1,true,34.00
619,215.07,1,true,34.00
620,198.28,1,true,34.00
621,202.97,1,true,34.00
622,201.95,1,true,34.00
623,202.69,1,true,34.00
624,190.40,1,true,34.00
625,202.48,1,true,34.00
626,198.13,1,true,34.00
627,188.40,1,true,34.00
628,215.54,1,true,34.00
629,209.57,1,true,34.00
630,200.12,1,true,34.00
631,195.27,1,true,34.00
632,202.40,1,true,34.00
633,210.44,1,true,34.00
634,210.48,1,true,34.00
635,218.97,1,true,34.00
636,209.39,1,true,34.00
637,215.72,1,true,34.00
638,195.37,1,true,34.00
639,206.08,1,true,34.00
640,208.00,1,true,34.00
641,203.67,1,true,34.00
642,208.49,1,true,34.00
643,214.27,1,true,34.00
644,206.50,1,true,34.00
645,204.76,1,true,34.00
646,207.53,1,true,34.00
647,206.86,1,true,34.00
648,210.08,1,true,34.00
649,213.38,1,true,34.00
650,207.70,1,true,34.00
651,184.46,1,true,34.00
652,204.76,1,true,34.00
653,207.47,1,true,34.00
654,205.14,1,true,34.00
655,199.13,1,true,34.00
656,207.93,1,true,34.00
657,214.91,1,true,34.00
658,203.14,1,true,34.00
659,212.18,1,true,34.00
660,207.14,1,true,34.00
661,218.95,1,true,34.00
662,186.35,1,true,34.00
663,216.12,1,true,34.00
664,203.82,1,true,34.00
665,209.21,1,true,34.00
666,192.55,1,true,34.00
667,182.54,1,true,34.00
668,177.43,1,true,34.00
669,180.82,1,true,34.00
670,189.67,1,true,34.00
671,208.04,1,true,34.00
672,196.56,1,true,34.00
673,212.05,1,true,34.00
674,209.34,1,true,34.00
675,212.28,1,true,34.00
676,194.41,1,true,34.00
677,200.62,1,true,34.00
678,214.89,1,true,34.00
679,195.60,1,true,34.00
680,217.75,1,true,34.00
681,201.09,1,true,34.00
682,222.45,1,true,34.00
683,189.00,1,true,34.00
684,196.40,1,true,34.00
685,215.58,1,true,34.00
686,218.39,1,true,34.00
687,214.11,1,true,34.00
688,229.14,1,true,34.00
689,235.99,1,true,34.00
690,223.34,1,true,34.00
691,233.56,1,true,34.00
692,231.05,1,true,34.00
693,214.60,0,true,34.00
694,229.92,0,true,34.00
695,212.44,0,true,34.00
696,226.51,0,true,34.00
697,218.80,0,true,34.00
698,207.36,0,false,34.00
699,231.44,1,false,34.00
700,225.56,1,false,34.00
701,219.40,1,false,34.00
702,243.03,1,false,34.00
703,212.10,1,false,34.00
704,216.64,1,false,34.00
705,235.07,1,false,34.00
706,228.03,1,false,34.00
707,222.39,1,false,34.00
708,224.59,1,false,34.00
709,221.98,1,false,34.00
710,236.05,1,false,34.00
711,213.24,1,false,34.00
712,219.75,1,false,34.00
713,231.62,1,false,34.00
714,201.97,1,false,34.00
715,228.15,1,false,34.00
716,222.49,1,false,34.00
717,225.26,1,false,34.00
718,218.57,1,false,34.00
719,218.40,1,true,34.00
720,225.88,1,true,34.00
721,227.42,1,true,34.00
722,226.03,1,true,34.00
723,216.35,1,true,34.00
724,217.78,1,true,34.00
725,205.42,1,true,34.00
726,220.98,1,true,34.00
727,231.37,1,true,34.00
728,214.97,1,true,34.00
729,236.03,1,true,34.00
730,215.55,1,true,34.00
731,217.51,1,true,34.00
732,219.38,1,true,34.00
733,210.97,1,true,34.00
734,229.37,1,true,34.00
735,212.00,1,true,34.00
736,199.14,1,true,34.00
737,198.97,1,true,34.00
738,224.20,1,true,34.00
739,220.17,1,true,34.00
740,204.93,1,true,34.00
741,230.58,1,true,34.00
742,228.51,1,true,34.00
743,217.71,1,true,34.00
744,234.05,1,true,34.00
745,200.52,1,true,34.00
746,224.72,1,true,34.00
747,209.70,1,true,34.00
748,230.28,1,true,34.00
749,230.03,1,true,34.00
750,240.41,1,true,34.00
751,211.16,1,true,34.00
752,226.74,1,true,34.00
753,229.43,1,true,34.00
754,224.57,1,true,34.00
755,231.14,1,true,34.00
756,211.38,1,true,34.00
757,229.84,1,true,34.00
758,223.61,1,true,34.00
759,211.49,1,true,34.00
760,225.48,1,true,34.00
761,233.50,1,true,34.00
762,247.41,1,true,34.00
763,239.92,1,true,34.00
764,240.27,1,true,34.00
765,247.31,1,true,34.00
766,252.15,1,true,34.00
767,224.29,1,true,34.00
768,234.55,1,true,34.00
769,241.36,1,true,34.00
770,232.54,1,true,34.00
771,231.92,1,true,34.00
772,248.93,1,true,34.00
773,242.78,1,true,34.00
774,233.07,1,true,34.00
775,231.10,1,true,34.00
776,243.30,1,true,34.00
777,226.94,1,true,34.00
778,256.23,1,true,34.00
779,230.75,1,true,34.00
780,233.00,1,true,34.00
781,248.28,1,true,34.00
782,236.03,1,true,34.00
783,229.33,1,true,34.00
784,239.44,1,true,34.00
785,254.90,1,true,34.00
786,239.28,1,true,34.00
787,230.21,1,true,34.00
788,220.22,1,true,34.00
789,235.07,1,true,34.00
790,235.97,1,true,34.00
791,246.72,1,true,34.00
792,243.49,1,true,34.00
793,248.27,1,true,34.00
794,238.10,1,true,34.00
795,241.83,1,true,34.00
796,248.29,1,true,34.00
797,231.36,1,true,34.00
798,221.67,1,true,34.00
799,241.76,1,true,34.00
800,224.64,1,true,34.00
801,235.64,1,true,34.00
802,234.75,1,true,34.00
803,240.67,1,true,34.00
804,241.53,1,true,34.00
805,243.14,1,true,34.00
806,234.84,1,true,34.00
807,255.32,1,true,34.00
808,255.02,1,true,34.00
809,234.52,1,true,34.00
810,233.65,1,true,34.00
811,228.96,1,true,34.00
812,239.92,1,true,34.00
813,232.83,1,true,34.00
814,256.85,1,true,34.00
815,242.78,1,true,34.00
816,254.82,1,true,34.00
817,238.91,1,true,34.00
818,239.97,1,true,34.00
819,227.39,1,true,34.00
820,243.50,1,true,34.00
821,241.08,1,true,34.00
822,234.77,1,true,34.00
823,252.54,1,true,34.00
824,247.91,1,true,34.00
825,227.35,1,true,34.00
826,239.85,1,true,34.00
827,243.97,1,true,34.00
828,241.49,1,true,34.00
829,240.25,1,true,34.00
830,233.64,1,true,34.00
831,273.04,1,true,34.00
832,233.90,1,true,34.00
833,237.29,1,true,34.00
834,237.73,1,true,34.00
835,244.13,1,true,34.00
836,257.00,1,true,34.00
837,232.26,1,true,34.00
838,246.72,1,true,34.00
839,253.54,1,true,34.00
840,239.68,1,true,34.00
841,246.59,1,true,34.00
842,240.27,1,true,34.00
843,236.82,1,true,34.00
844,242.31,1,true,34.00
845,244.60,1,true,34.00
846,243.24,1,true,34.00
847,235.56,1,true,34.00
848,238.98,1,true,34.00
849,241.23,1,true,34.00
850,245.48,1,true,34.00
851,238.89,1,true,34.00
852,238.34,1,true,34.00
853,237.89,1,true,34.00
854,237.83,1,true,34.00
855,229.14,1,true,34.00
856,246.63,1,true,34.00
857,246.08,1,true,34.00
858,227.35,1,true,34.00
859,240.74,1,true,34.00
860,240.14,1,true,34.00
861,222.33,1,true,34.00
862,241.02,1,true,34.00
863,253.71,1,true,34.00
864,232.71,1,true,34.00
865,238.55,1,true,34.00
866,243.67,1,true,34.00
867,240.62,1,true,34.00
868,243.63,1,true,34.00
869,239.34,1,true,34.00
870,231.88,1,true,34.00
871,237.54,1,true,34.00
872,221.21,1,true,34.00
873,252.93,1,true,34.00
874,234.86,1,true,34.00
875,230.07,1,true,35.00
876,236.07,1,true,35.00
877,238.70,1,true,35.00
878,239.97,1,true,35.00
879,238.97,1,true,35.00
880,262.47,1,true,35.00
881,236.11,1,true,35.00
882,222.92,1,true,35.00
883,256.10,1,true,35.00
884,237.60,1,true,35.00
885,248.24,1,true,35.00
886,239.75,1,true,35.00
887,250.35,1,true,35.00
888,238.24,1,true,35.00
889,243.33,1,true,35.00
890,244.42,1,true,35.00
891,251.81,1,true,35.00
892,245.15,1,true,35.00
893,232.25,1,true,35.00
894,244.68,1,true,35.00
895,250.11,1,true,35.00
896,250.58,1,true,35.00
897,233.19,1,true,35.00
898,252.06,1,true,35.00
899,246.82,1,true,35.00
900,258.34,1,true,35.00
901,241.60,1,true,35.00
902,240.62,1,true,35.00
903,229.58,1,true,35.00
904,239.14,1,true,35.00
905,238.94,1,true,35.00
906,261.56,1,true,35.00
907,230.95,1,true,35.00
908,250.27,1,true,35.00
909,244.89,1,true,35.00
910,234.16,1,true,35.00
911,244.21,1,true,35.00
912,235.40,1,true,35.00
913,231.84,1,true,35.00
914,238.42,1,true,35.00
915,241.98,1,true,35.00
916,233.76,1,true,35.00
917,233.91,1,true,35.00
918,241.23,1,true,35.00
919,238.19,1,true,35.00
920,234.11,1,true,35.00
921,240.78,1,true,35.00
922,238.15,1,true,35.00
923,228.33,1,true,35.00
924,218.94,1,true,35.00
925,241.26,1,true,35.00
926,242.80,1,true,35.00
927,234.87,1,true,35.00
928,236.81,1,true,35.00
929,219.16,1,true,35.00
930,240.16,1,true,35.00
931,230.01,1,true,35.00
932,229.61,1,true,35.00
933,239.92,1,true,35.00
934,233.37,1,true,35.00
935,226.97,1,true,35.00
936,237.84,1,true,35.00
937,230.08,1,true,35.00
938,237.91,1,true,35.00
939,235.58,1,true,35.00
940,252.00,1,true,35.00
941,229.52,1,true,35.00
942,226.28,1,true,35.00
943,246.55,1,true,35.00
944,230.09,1,true,35.00
945,231.51,1,true,35.00
946,240.29,1,true,35.00
947,227.63,1,true,35.00
948,239.57,1,true,35.00
949,233.61,1,true,35.00
950,237.42,1,true,35.00
951,242.03,1,true,35.00
952,231.95,1,true,35.00
953,238.75,1,true,35.00
954,228.42,1,true,35.00
955,235.82,1,true,35.00
956,230.89,1,true,35.00
957,232.87,1,true,35.00
958,227.86,1,true,35.00
959,238.60,1,true,35.00
960,242.17,1,true,35.00
961,241.36,1,true,35.00
962,229.48,1,true,35.00
963,251.59,1,true,35.00
964,235.36,1,true,35.00
965,243.50,1,true,35.00
966,229.00,1,true,35.00
967,229.51,1,true,35.00
968,238.26,1,true,35.00
969,237.45,1,true,35.00
970,238.74,1,true,35.00
971,237.94,1,true,35.00
972,233.43,1,true,35.00
973,231.78,1,true,35.00
974,238.17,1,true,35.00
975,237.55,1,true,35.00
976,230.36,1,true,35.00
977,226.71,1,true,35.00
978,246.86,1,true,35.00
979,248.82,1,true,35.00
980,224.61,1,true,35.00
981,234.56,1,true,35.00
982,233.45,1,true,35.00
983,237.65,1,true,35.00
984,240.66,1,true,35.00
985,236.74,1,true,35.00
986,225.71,1,true,35.00
987,217.38,1,true,35.00
988,250.40,1,true,35.00
989,229.88,1,true,35.00
990,236.33,1,true,35.00
991,233.17,1,true,35.00
992,240.19,1,true,35.00
993,230.45,1,true,35.00
994,233.48,1,true,35.00
995,233.90,1,true,35.00
996,238.68,1,true,35.00
997,238.89,1,true,35.00
998,233.70,1,true,35.00
999,219.75,1,true,35.00
1000,218.56,1,true,35.00
1001,224.84,1,true,35.00
1002,220.82,1,true,35.00
1003,216.89,1,true,35.00
1004,220.51,1,true,35.00
1005,225.75,1,true,35.00
1006,237.50,1,true,35.00
1007,247.11,1,true,35.00
1008,227.95,1,true,35.00
1009,237.76,1,true,35.00
1010,239.86,1,true,35.00
1011,247.24,1,true,35.00
1012,231.53,1,true,35.00
1013,223.70,1,true,35.00
1014,234.85,1,true,35.00
1015,242.44,1,true,35.00
1016,240.43,1,true,35.00
1017,234.66,1,true,35.00
1018,238.67,1,true,35.00
1019,238.17,1,true,35.00
1020,237.14,1,true,35.00
1021,245.15,1,true,35.00
1022,249.59,1,true,35.00
1023,240.73,1,true,35.00
1024,239.27,1,true,35.00
1025,245.44,1,true,35.00
1026,238.73,1,true,35.00
1027,234.64,1,true,35.00
1028,235.90,1,true,35.00
1029,233.68,1,true,35.00
1030,239.28,1,true,35.00
1031,247.04,1,true,35.00
1032,229.80,1,true,35.00
1033,249.32,1,true,35.00
1034,222.77,1,true,35.00
1035,216.30,1,true,35.00
1036,209.83,1,true,35.00
1037,210.11,1,true,35.00
1038,210.82,1,true,35.00
1039,210.31,1,true,35.00
1040,211.82,1,true,35.00
1041,215.29,1,true,35.00
1042,226.56,1,true,35.00
1043,229.54,1,true,35.00
1044,229.64,1,true,35.00
1045,231.47,1,true,35.00
1046,232.94,1,true,35.00
1047,229.91,1,true,35.00
1048,237.09,1,true,35.00
1049,236.39,1,true,35.00
1050,234.28,1,true,35.00
1051,237.73,1,true,35.00
1052,233.95,1,true,35.00
1053,239.49,1,true,35.00
1054,254.90,1,true,35.00
1055,242.73,1,true,35.00
1056,244.81,1,true,35.00
1057,232.68,1,true,35.00
1058,244.33,1,true,35.00
1059,238.22,1,true,35.00
1060,236.79,1,true,35.00
1061,223.11,1,true,35.00
1062,241.34,1,true,35.00
1063,231.67,1,true,35.00
1064,259.06,1,true,35.00
1065,239.38,1,true,35.00
1066,234.43,1,true,35.00
1067,235.35,1,true,35.00
1068,235.99,1,true,35.00
1069,232.91,1,true,35.00
1070,252.88,1,true,35.00
1071,235.76,1,true,35.00
1072,232.21,1,true,35.00
1073,232.11,1,true,35.00
1074,229.87,1,true,35.00
1075,238.03,1,true,35.00
1076,262.80,1,true,35.00
1077,244.93,1,true,35.00
1078,238.79,1,true,35.00
1079,247.13,1,true,35.00
1080,241.49,1,true,35.00
1081,244.53,1,true,35.00
1082,252.30,1,true,35.00
1083,231.33,1,true,35.00
1084,253.27,1,true,35.00
1085,243.16,1,true,35.00
1086,256.63,1,true,35.00
1087,252.85,1,true,35.00
1088,250.62,1,true,35.00
1089,244.34,1,true,35.00
1090,238.12,1,true,35.00
1091,251.13,1,true,35.00
1092,236.58,1,true,35.00
1093,234.85,1,true,35.00
1094,243.59,1,true,35.00
1095,241.01,1,true,35.00
1096,238.45,1,true,35.00
1097,242.50,1,true,35.00
1098,239.23,1,true,35.00
1099,233.32,1,true,35.00
1100,240.03,1,true,35.00
1101,234.73,1,true,35.00
1102,244.75,1,true,35.00
1103,237.14,1,true,35.00
1104,237.54,1,true,35.00
1105,232.45,1,true,35.00
1106,241.74,1,true,35.00
1107,242.14,1,true,35.00
1108,252.48,1,true,35.00
1109,239.45,1,true,35.00
1110,234.90,1,true,35.00
1111,254.51,1,true,35.00
1112,239.15,1,true,35.00
1113,239.35,1,true,35.00
1114,228.57,1,true,35.00
1115,242.61,1,true,35.00
1116,241.94,1,true,35.00
1117,235.63,1,true,35.00
1118,244.66,1,true,35.00
1119,229.17,1,true,35.00
1120,247.41,1,true,35.00
1121,232.93,1,true,35.00
1122,246.70,1,true,35.00
1123,243.20,1,true,35.00
1124,234.92,1,true,35.00
1125,224.93,1,true,35.00
1126,236.29,1,true,35.00
1127,236.62,1,true,35.00
1128,237.83,1,true,35.00
1129,236.12,1,true,35.00
1130,244.78,1,true,35.00
1131,233.50,1,true,35.00
1132,235.24,1,true,35.00
1133,230.45,1,true,35.00
1134,237.76,1,true,35.00
1135,233.84,1,true,35.00
1136,242.59,1,true,35.00
1137,246.46,1,true,35.00
1138,238.37,1,true,35.00
1139,256.96,1,true,35.00
1140,248.04,1,true,35.00
1141,233.45,1,true,35.00
1142,240.46,1,true,35.00
1143,244.73,1,true,35.00
1144,234.16,1,true,35.00
1145,242.97,1,true,35.00
1146,232.85,1,true,35.00
1147,236.81,1,true,35.00
1148,240.57,1,true,35.00
1149,236.63,1,true,35.00
1150,236.75,1,true,35.00
1151,235.10,1,true,35.00
1152,244.54,1,true,35.00
1153,236.91,1,true,35.00
1154,225.47,1,true,35.00
1155,252.65,1,true,35.00
1156,233.31,1,true,35.00
1157,237.45,1,true,35.00
1158,250.46,1,true,35.00
1159,228.42,1,true,35.00
1160,242.45,1,true,35.00
1161,252.66,1,true,35.00
1162,238.57,1,true,35.00
1163,240.97,1,true,35.00
1164,249.28,1,true,35.00
1165,242.48,1,true,35.00
1166,238.63,1,true,35.00
1167,229.26,1,true,35.00
1168,244.42,1,true,35.00
1169,240.56,1,true,35.00
1170,258.32,1,true,35.00
1171,235.89,1,true,35.00
1172,244.14,1,true,35.00
1173,238.98,1,true,35.00
1174,242.86,1,true,35.00
1175,253.80,1,true,35.00
1176,234.67,1,true,35.00
1177,233.26,1,true,35.00
1178,233.98,1,true,35.00
1179,247.67,1,true,35.00
1180,238.35,1,true,35.00
1181,245.74,1,true,35.00
1182,235.09,1,true,35.00
1183,229.11,1,true,35.00
1184,241.34,1,true,35.00
1185,242.21,1,true,35.00
1186,241.63,1,true,35.00
1187,240.49,1,true,35.00
1188,233.01,1,true,35.00
1189,240.25,1,true,35.00
1190,245.26,1,true,35.00
1191,237.80,1,true,35.00
1192,247.45,1,true,35.00
1193,243.41,1,true,35.00
1194,251.03,1,true,35.00
1195,259.04,1,true,35.00
1196,243.55,1,true,35.00
1197,242.09,1,true,35.00
1198,228.83,1,true,35.00
1199,245.44,1,true,35.00
1200,247.85,1,true,35.00
1201,245.25,1,true,35.00
1202,245.23,1,true,35.00
1203,240.58,1,true,35.00
1204,239.93,1,true,35.00
1205,240.01,1,true,35.00
1206,238.05,1,true,35.00
1207,232.78,1,true,35.00
1208,237.34,1,true,35.00
1209,227.78,1,true,35.00
1210,244.71,1,true,35.00
1211,241.81,1,true,35.00
1212,227.25,1,true,35.00
1213,245.24,1,true,35.00
1214,241.15,1,true,35.00
1215,238.34,1,true,35.00
1216,243.18,1,true,35.00
1217,236.06,1,true,35.00
1218,250.26,1,true,35.00
1219,228.41,1,true,35.00
1220,253.71,1,true,35.00
1221,239.09,1,true,35.00
1222,232.35,1,true,35.00
1223,259.46,1,true,35.00
1224,235.92,1,true,35.00
1225,252.51,1,true,35.00
1226,247.26,1,true,35.00
1227,257.44,1,true,35.00
1228,250.64,1,true,35.00
1229,235.21,1,true,35.00
1230,234.00,1,true,35.00
1231,236.80,1,true,35.00
1232,252.41,1,true,35.00
1233,256.06,1,true,35.00
1234,244.41,1,true,35.00
1235,236.91,1,true,35.00
1236,244.49,1,true,35.00
1237,230.76,1,true,35.00
1238,241.02,1,true,35.00
1239,249.91,1,true,35.00
1240,228.95,1,true,35.00
1241,242.47,1,true,35.00
1242,236.01,1,true,35.00
1243,232.80,1,true,35.00
1244,252.53,1,true,35.00
1245,239.93,1,true,35.00
1246,237.05,1,true,35.00
1247,239.13,1,true,35.00
1248,237.09,1,true,35.00
1249,241.61,1,true,35.00
1250,232.24,1,true,35.00
1251,219.15,1,true,35.00
1252,228.65,1,true,35.00
1253,234.13,1,true,35.00
1254,226.00,1,true,35.00
1255,250.03,1,true,35.00
1256,230.16,1,true,35.00
1257,225.99,1,true,35.00
1258,216.01,1,true,35.00
1259,244.93,1,true,35.00
1260,238.38,1,true,35.00
1261,232.62,1,true,35.00
1262,232.27,1,true,35.00
1263,238.45,1,true,35.00
1264,225.04,1,true,35.00
1265,236.19,1,true,35.00
1266,251.09,1,true,35.00
1267,216.28,1,true,35.00
1268,228.13,1,true,35.00
1269,221.08,1,true,35.00
1270,244.09,1,true,35.00
1271,237.31,1,true,35.00
1272,233.34,1,true,35.00
1273,237.00,1,true,35.00
1274,240.95,1,true,35.00
1275,237.21,1,true,35.00
1276,234.86,1,true,35.00
1277,233.82,1,true,35.00
1278,244.01,1,true,35.00
1279,235.70,1,true,35.00
1280,246.43,1,true,35.00
1281,235.73,1,true,35.00
1282,236.71,1,true,35.00
1283,238.12,1,true,35.00
1284,234.70,1,true,35.00
1285,224.44,1,true,35.00
1286,239.87,1,true,35.00
1287,240.81,1,true,35.00
1288,238.45,1,true,35.00
1289,232.77,1,true,35.00
1290,248.80,1,true,35.00
1291,239.07,1,true,35.00
1292,245.46,1,true,35.00
1293,230.05,1,true,35.00
1294,240.98,1,true,36.20
1295,252.13,1,true,36.20
1296,225.64,1,true,36.20
1297,240.23,1,true,36.20
1298,247.25,1,true,36.20
1299,240.00,1,true,36.20
1300,244.92,1,true,36.20
1301,239.53,1,true,36.20
1302,233.39,1,true,36.20
1303,231.72,1,true,36.20
1304,250.48,1,true,36.20
1305,238.89,1,true,36.20
1306,255.08,1,true,36.20
1307,239.59,1,true,36.20
1308,243.99,1,true,36.20
1309,230.34,1,true,36.20
1310,244.60,1,true,36.20
1311,256.74,1,true,36.20
1312,238.87,1,true,36.20
1313,245.45,1,true,36.20
1314,226.92,1,true,36.20
1315,243.68,1,true,36.20
1316,237.44,1,true,36.20
1317,237.08,1,true,36.20
1318,235.75,1,true,36.20
1319,241.52,1,true,36.20
1320,237.22,1,true,36.20
1321,247.26,1,true,36.20
1322,251.08,1,true,36.20
1323,271.22,1,true,36.20
1324,261.79,1,true,36.20
1325,269.98,1,true,36.20
1326,279.04,1,true,36.20
1327,266.72,1,true,36.20
1328,271.39,1,true,36.20
1329,266.72,1,true,36.20
1330,273.66,1,true,36.20
1331,267.74,1,true,36.20
1332,275.88,1,true,36.20
1333,254.53,1,true,36.20
1334,253.46,1,true,36.20
1335,261.44,1,true,36.20
1336,266.24,1,true,36.20
1337,265.75,1,true,36.20
1338,267.67,1,true,36.20
1339,275.04,1,true,36.20
1340,253.88,1,true,36.20
1341,276.97,1,true,36.20
1342,253.84,1,true,36.20
1343,264.24,1,true,36.20
1344,264.65,1,true,36.20
1345,252.47,1,true,36.20
1346,265.53,1,true,36.20
1347,267.12,1,true,36.20
1348,266.90,1,true,36.20
1349,257.39,1,true,36.20
1350,275.36,1,true,36.20
1351,267.01,1,true,36.20
1352,273.28,1,true,36.20
1353,260.07,1,true,36.20
1354,275.17,1,true,36.20
1355,274.20,1,true,36.20
1356,253.23,1,true,36.20
1357,267.12,1,true,36.20
1358,262.71,1,true,36.20
1359,268.42,1,true,36.20
1360,279.42,1,true,36.20
1361,266.13,1,true,36.20
1362,263.66,1,true,36.20
1363,255.79,1,true,36.20
1364,273.36,1,true,36.20
1365,264.10,1,true,36.20
1366,256.71,1,true,36.20
1367,280.19,1,true,36.20
1368,270.84,1,true,36.20
1369,259.75,1,true,36.20
1370,260.61,1,true,36.20
1371,272.00,1,true,36.20
1372,256.51,1,true,36.20
1373,265.08,1,true,36.20
1374,270.13,1,true,36.20
1375,267.75,1,true,36.20
1376,269.06,1,true,36.20
1377,251.05,1,true,36.20
1378,257.85,1,true,36.20
1379,271.35,1,true,36.20
1380,268.18,1,true,36.20
1381,266.72,1,true,36.20
1382,272.61,1,true,36.20
1383,269.20,1,true,36.20
1384,274.72,1,true,36.20
1385,267.80,1,true,36.20
1386,265.50,1,true,36.20
1387,258.91,1,true,36.20
1388,261.02,1,true,36.20
1389,263.62,1,true,36.20
1390,268.53,1,true,36.20
1391,253.14,1,true,36.20
1392,277.81,1,true,36.20
1393,267.30,1,true,36.20
1394,263.37,1,true,36.20
1395,271.21,1,true,36.20
1396,282.20,1,true,36.20
1397,267.47,1,true,36.20
1398,267.81,1,true,36.20
1399,276.41,1,true,36.20
1400,250.78,1,true,36.20
1401,266.29,1,true,36.20
1402,264.19,1,true,36.20
1403,283.67,1,true,36.20
1404,272.78,1,true,36.20
1405,263.67,1,true,36.20
1406,265.97,1,true,36.20
1407,280.65,1,true,36.20
1408,263.28,1,true,36.20
1409,266.29,1,true,36.20
1410,260.38,1,true,36.20
1411,270.93,1,true,36.20
1412,272.04,1,true,36.20
1413,266.73,1,true,36.20
1414,274.61,1,true,36.20
1415,263.38,1,true,36.20
1416,267.88,1,true,36.20
1417,272.39,1,true,36.20
1418,272.02,1,true,36.20
1419,259.31,1,true,36.20
1420,273.83,1,true,36.20
1421,266.50,1,true,36.20
1422,267.03,1,true,36.20
1423,262.74,1,true,36.20
1424,262.39,1,true,36.20
1425,264.85,1,true,36.20
1426,271.56,1,true,36.20
1427,276.98,1,true,36.20
1428,275.91,1,true,36.20
1429,262.41,1,true,36.20
1430,274.57,1,true,36.20
1431,265.33,1,true,36.20
1432,272.16,1,true,36.20
1433,267.01,1,true,36.20
1434,270.21,1,true,36.20
1435,263.18,1,true,36.20
1436,266.57,1,true,36.20
1437,282.81,1,true,36.20
1438,274.91,1,true,36.20
1439,275.21,1,true,36.20
1440,263.12,1,true,36.20
1441,277.90,1,true,36.20
1442,275.49,1,true,36.20
1443,271.94,1,true,36.20
1444,268.84,1,true,36.20
1445,285.55,1,true,36.20
1446,257.43,1,true,36.20
1447,266.51,1,true,36.20
1448,274.19,1,true,36.20
1449,268.53,1,true,36.20
1450,262.75,1,true,36.20
1451,269.36,1,true,36.20
1452,263.98,1,true,36.20
1453,265.73,1,true,36.20
1454,256.29,1,true,36.20
1455,267.29,1,true,36.20
1456,267.88,1,true,36.20
1457,273.40,1,true,36.20
1458,279.16,1,true,36.20
1459,269.37,1,true,36.20
1460,267.13,1,true,36.20
1461,261.95,1,true,36.20
1462,262.15,1,true,36.20
1463,271.74,1,true,36.20
1464,267.11,1,true,36.20
1465,261.97,1,true,36.20
1466,272.32,1,true,36.20
1467,262.24,1,true,36.20
1468,265.64,1,true,36.20
1469,268.84,1,true,36.20
1470,261.04,1,true,36.20
1471,264.11,1,true,36.20
1472,270.27,1,true,36.20
1473,269.78,1,true,36.20
1474,264.99,1,true,36.20
1475,268.17,1,true,36.20
1476,270.54,1,true,36.20
1477,251.45,1,true,36.20
1478,259.50,1,true,36.20
1479,258.00,1,true,36.20
1480,262.95,1,true,36.20
1481,269.03,1,true,36.20
1482,263.71,1,true,36.20
1483,273.40,1,true,36.20
1484,281.61,1,true,36.20
1485,263.92,1,true,36.20
1486,271.71,1,true,36.20
1487,275.38,1,true,36.20
1488,261.39,1,true,36.20
1489,267.97,1,true,36.20
1490,270.04,1,true,36.20
1491,267.53,1,true,36.20
1492,266.09,1,true,36.20
1493,267.86,1,true,36.20
1494,273.23,1,true,36.20
1495,265.19,1,true,36.20
1496,277.63,1,true,36.20
1497,270.23,1,true,36.20
1498,268.51,1,true,36.20
1499,261.76,1,true,36.20
1500,269.22,1,true,36.20
1501,270.95,1,true,36.20
1502,275.25,1,true,36.20
1503,265.86,1,true,36.20
1504,267.45,1,true,36.20
1505,275.28,1,true,36.20
1506,264.61,1,true,36.20
1507,268.09,1,true,36.20
1508,260.53,1,true,36.20
1509,262.94,1,true,36.20
1510,263.26,1,true,36.20
1511,261.41,1,true,36.20
1512,268.65,1,true,36.20
1513,263.03,1,true,36.20
1514,269.07,1,true,36.20
1515,268.95,1,true,36.20
1516,267.23,1,true,36.20
1517,259.30,1,true,36.20
1518,267.06,1,true,36.20
1519,267.28,1,true,36.20
1520,263.06,1,true,36.20
1521,287.59,1,true,36.20
1522,269.51,1,true,36.20
1523,272.48,1,true,36.20
1524,258.96,1,true,36.20
1525,253.60,1,true,36.20
1526,274.92,1,true,36.20
1527,264.39,1,true,36.20
1528,244.51,1,true,36.20
1529,248.88,1,true,36.20
1530,266.31,1,true,36.20
1531,252.81,1,true,36.20
1532,268.82,1,true,36.20
1533,270.36,1,true,36.20
1534,264.84,1,true,36.20
1535,256.13,1,true,36.20
1536,264.22,1,true,36.20
1537,278.14,1,true,36.20
1538,267.96,1,true,36.20
1539,274.00,1,true,36.20
1540,262.76,1,true,36.20
1541,270.84,1,true,36.20
1542,253.78,1,true,36.20
1543,261.44,1,true,36.20
1544,266.04,1,true,36.20
1545,255.99,1,true,36.20
1546,271.84,1,true,36.20
1547,262.75,1,true,36.20
1548,282.58,1,true,36.20
1549,259.84,1,true,36.20
1550,269.70,1,true,36.20
1551,263.65,1,true,36.20
1552,263.59,1,true,36.20
1553,275.18,1,true,36.20
1554,269.75,1,true,36.20
1555,266.97,1,true,36.20
1556,262.96,1,true,36.20
1557,277.80,1,true,36.20
1558,264.86,1,true,36.20
1559,266.98,1,true,36.20
1560,272.36,1,true,36.20
1561,271.39,1,true,36.20
1562,283.83,1,true,36.20
1563,259.48,1,true,36.20
1564,264.55,1,true,36.20
1565,274.21,1,true,36.20
1566,256.76,1,true,36.20
1567,263.47,1,true,36.20
1568,269.38,1,true,36.20
1569,274.33,1,true,36.20
1570,268.88,1,true,36.20
1571,273.98,1,true,36.20
1572,259.13,1,true,36.20
1573,262.18,1,true,36.20
1574,270.62,1,true,36.20
1575,280.59,1,true,36.20
1576,261.89,1,true,36.20
1577,274.34,1,true,36.20
1578,262.79,1,true,36.20
1579,273.09,1,true,36.20
1580,262.40,1,true,36.20
1581,257.95,1,true,36.20
1582,249.91,1,true,36.20
1583,263.51,1,true,36.20
1584,268.81,1,true,36.20
1585,273.03,1,true,36.20
1586,263.96,1,true,36.20
1587,253.04,1,true,36.20
1588,256.32,1,true,36.20
1589,265.07,1,true,36.20
1590,269.56,1,true,36.20
1591,265.31,1,true,36.20
1592,261.57,1,true,36.20
1593,262.19,1,true,36.20
1594,273.40,1,true,36.20
1595,265.79,1,true,36.20
1596,263.75,1,true,36.20
1597,268.92,1,true,36.20
1598,259.78,1,true,36.20
1599,257.00,1,true,36.20
1600,256.28,1,true,36.20
1601,262.40,1,true,36.20
1602,263.46,1,true,36.20
1603,267.17,1,true,36.20
1604,270.18,1,true,36.20
1605,269.07,1,true,36.20
1606,263.05,1,true,36.20
1607,259.02,1,true,36.20
1608,265.60,1,true,36.20
1609,262.77,1,true,36.20
1610,278.53,1,true,36.20
1611,268.90,1,true,36.20
1612,275.75,1,true,36.20
1613,266.89,1,true,36.20
1614,270.37,1,true,36.20
1615,280.17,1,true,36.20
1616,267.11,1,true,36.20
1617,267.25,1,true,36.20
1618,269.17,1,true,36.20
1619,259.76,1,true,36.20
1620,257.57,1,true,36.20
1621,268.79,1,true,36.20
1622,267.77,1,true,36.20
1623,281.37,1,true,36.20
1624,273.19,1,true,36.20
1625,268.02,1,true,36.20
1626,267.41,1,true,36.20
1627,266.75,1,true,36.20
1628,264.18,1,true,36.20
1629,279.07,1,true,36.20
1630,270.07,1,true,36.20
1631,271.67,1,true,36.20
1632,272.09,1,true,36.20
1633,270.34,1,true,36.20
1634,272.02,1,true,36.20
1635,270.39,1,true,36.20
1636,264.38,1,true,36.20
1637,270.32,1,true,36.20
1638,268.90,1,true,36.20
1639,253.75,1,true,36.20
1640,261.30,1,true,36.20
1641,250.40,1,true,36.20
1642,261.23,1,true,36.20
1643,272.94,1,true,36.20
1644,258.99,1,true,36.20
1645,257.89,1,true,36.20
1646,262.93,1,true,36.20
1647,263.64,1,true,36.20
1648,262.57,1,true,36.20
1649,263.06,1,true,36.20
1650,262.47,1,true,36.20
1651,270.02,1,true,36.20
1652,270.90,1,true,36.20
1653,276.64,1,true,36.20
1654,264.69,1,true,36.20
1655,259.65,1,true,36.20
1656,260.20,1,true,36.20
1657,264.51,1,true,36.20
1658,268.70,1,true,36.20
1659,259.04,1,true,36.20
1660,258.25,1,true,36.20
1661,260.17,1,true,36.20
1662,258.02,1,true,36.20
1663,263.74,1,true,36.20
1664,262.56,1,true,36.20
1665,266.73,1,true,36.20
1666,255.39,1,true,36.20
1667,265.80,1,true,36.20
1668,263.90,1,true,36.20
1669,261.48,1,true,36.20
1670,245.93,1,true,36.20
1671,249.37,1,true,36.20
1672,262.91,1,true,36.20
1673,266.60,1,true,36.20
1674,265.98,1,true,36.20
1675,269.17,1,true,36.20
1676,256.98,1,true,36.20
1677,269.25,1,true,36.20
1678,258.56,1,true,36.20
1679,259.94,1,true,36.20
1680,276.21,1,true,36.20
1681,257.26,1,true,36.20
1682,256.06,1,true,36.20
1683,264.16,1,true,36.20
1684,257.70,1,true,36.20
1685,269.40,1,true,36.20
1686,265.44,1,true,36.20
1687,267.50,1,true,36.20
1688,247.12,1,true,36.20
1689,247.47,1,true,36.20
1690,406.40,1,true,36.20
1691,160.81,1,true,36.30
1692,131.77,1,true,36.30
1693,130.76,1,true,36.30
1694,134.61,1,true,36.30
1695,129.55,1,true,36.30
1696,140.72,1,true,36.30
1697,133.84,1,true,36.30
1698,141.53,1,true,36.30
1699,143.77,1,true,36.30
1700,142.22,1,true,36.30
1701,144.17,1,true,36.30
1702,145.79,1,true,36.30
1703,161.01,1,true,36.30
1704,142.16,1,true,36.30
1705,154.71,1,true,36.30
1706,145.18,1,true,36.30
1707,142.25,1,true,36.30
1708,154.65,1,true,36.30
1709,158.15,1,true,36.30
1710,154.77,1,true,36.30
1711,149.41,1,true,36.30
1712,152.60,1,true,36.30
1713,139.44,1,true,36.30
1714,144.72,1,true,36.30
1715,134.11,1,true,36.30
1716,136.20,1,true,36.30
1717,153.19,1,true,36.30
1718,145.40,1,true,36.30
1719,143.63,1,true,36.30
1720,143.84,1,true,36.30
1721,150.27,1,true,36.30
1722,161.99,1,true,36.30
1723,142.13,1,true,36.30
1724,141.25,1,true,36.30
1725,149.78,1,true,36.30
1726,150.27,1,true,36.30
1727,155.34,1,true,36.30
1728,161.02,1,true,36.30
1729,147.44,1,true,36.30
1730,167.46,1,true,36.30
1731,146.69,1,true,36.30
1732,154.74,1,true,36.30
1733,153.46,1,true,36.30
1734,161.07,1,true,36.30
1735,177.13,1,true,36.30
1736,143.17,1,true,36.30
1737,151.15,1,true,36.30
1738,154.12,1,true,36.30
1739,147.07,1,true,36.30
1740,222.55,1,true,36.30
1741,144.45,1,true,36.30
1742,141.80,1,true,36.30
1743,146.79,1,true,36.30
1744,147.67,1,true,36.30
1745,144.29,1,true,36.30
1746,151.83,1,true,36.30
1747,155.37,1,true,36.30
1748,148.08,1,true,36.30
1749,164.46,1,true,36.30
1750,163.26,1,true,36.30
1751,174.56,1,true,36.30
1752,149.97,1,true,36.30
1753,171.64,1,true,36.30
1754,145.30,1,true,36.30
1755,152.37,1,true,36.30
1756,164.87,1,true,36.30
1757,177.13,1,true,36.30
1758,173.96,1,true,36.30
1759,158.36,1,true,36.30
1760,172.35,1,true,36.30
1761,155.34,1,true,36.30
1762,173.31,1,true,36.30
1763,175.07,1,true,36.30
1764,170.42,1,true,36.30
1765,170.71,1,true,36.30
1766,169.71,1,true,36.30
1767,163.59,1,true,36.30
1768,167.94,1,true,36.30
1769,166.44,1,true,36.30
1770,167.73,1,true,36.30
1771,169.02,1,true,36.30
1772,174.77,1,true,36.30
1773,254.57,1,true,36.30
1774,235.10,1,true,36.30
1775,225.45,1,true,36.30
1776,263.56,1,true,36.30
1777,237.90,1,true,36.30
1778,254.82,1,true,36.30
1779,236.90,1,true,36.30
1780,236.96,1,true,36.30
1781,244.13,1,true,36.30
1782,235.64,1,true,36.30
1783,239.99,1,true,36.30
1784,261.32,1,true,36.30
1785,220.13,1,true,36.30
1786,231.66,1,true,36.30
1787,215.86,1,true,36.30
1788,219.68,1,true,36.30
1789,254.39,1,true,36.30
1790,235.32,1,true,36.30
1791,244.83,1,true,36.30
1792,234.26,1,true,36.30
1793,247.99,1,true,36.30
1794,237.01,1,true,36.30
1795,248.80,1,true,36.30
1796,251.16,1,true,36.30
1797,236.91,1,true,36.30
1798,240.42,1,true,36.30
1799,243.43,1,true,36.30
1800,233.89,1,true,36.30
1801,241.92,1,true,36.30
1802,231.10,1,true,36.30
1803,247.75,1,true,36.30
1804,244.85,1,true,36.30
1805,243.24,1,true,36.30
1806,247.91,1,true,36.30
1807,239.74,1,true,36.30
1808,242.57,1,true,36.30
1809,229.32,1,true,36.30
1810,252.65,1,true,36.30
1811,273.05,1,true,36.30
1812,269.97,1,true,36.30
1813,253.47,1,true,36.30
1814,263.21,1,true,36.30
1815,261.12,1,true,36.30
1816,264.29,1,true,36.30
1817,272.28,1,true,36.30
1818,270.26,1,true,36.30
1819,269.80,1,true,36.30
1820,270.33,1,true,36.30
1821,254.08,1,true,36.30
1822,262.39,1,true,36.30
1823,271.99,1,true,36.30
1824,278.33,1,true,36.30
1825,264.12,1,true,36.30
1826,263.10,1,true,36.30
1827,281.28,1,true,36.30
1828,269.37,1,true,36.30
1829,275.15,1,true,36.30
1830,275.70,1,true,36.30
1831,269.93,1,true,36.30
1832,273.70,1,true,36.30
1833,267.60,1,true,36.30
1834,267.47,1,true,36.30
1835,274.66,1,true,36.30
1836,263.41,1,true,36.30
1837,284.78,1,true,36.30
1838,265.40,1,true,36.30
1839,265.62,1,true,36.30
1840,272.21,1,true,36.30
1841,272.13,1,true,36.30
1842,256.79,1,true,36.30
1843,268.39,1,true,36.30
1844,273.46,1,true,36.30
1845,262.09,1,true,36.30
1846,265.27,1,true,36.30
1847,255.96,1,true,36.30
1848,285.71,1,true,36.30
1849,267.29,1,true,36.30
1850,270.07,1,true,36.30
1851,259.01,1,true,36.30
1852,264.95,1,true,36.30
1853,276.59,1,true,36.30
1854,273.62,1,true,36.30
1855,278.47,1,true,36.30
1856,262.13,1,true,36.30
1857,261.43,1,true,36.30
1858,280.69,1,true,36.30
1859,262.53,1,true,36.30
1860,262.89,1,true,36.30
1861,272.90,1,true,36.30
1862,265.33,1,true,36.30
1863,269.55,1,true,36.30
1864,263.88,1,true,36.30
1865,280.72,1,true,36.30
1866,274.91,1,true,36.30
1867,262.05,1,true,36.30
1868,268.33,1,true,36.30
1869,268.23,1,true,36.30
1870,265.68,1,true,36.30
1871,287.37,1,true,36.30
1872,270.42,1,true,36.30
1873,267.53,1,true,36.30
1874,265.02,0,true,36.30
1875,261.84,0,true,36.30
1876,267.89,0,true,36.30
1877,277.34,0,true,36.30
1878,283.80,0,true,36.30
1879,263.89,0,false,36.30
1880,274.00,1,false,36.30
1881,266.56,1,false,36.30
1882,268.36,1,false,36.30
1883,269.23,1,false,36.30
1884,264.32,1,false,36.30
1885,273.31,0,false,36.30
1886,272.01,0,false,36.30
1887,265.43,0,false,36.30
1888,264.93,0,false,36.30
1889,264.89,0,false,36.30
1890,271.45,1,false,36.30
1891,266.69,1,false,36.30
1892,267.39,1,false,36.30
1893,273.58,1,false,36.30
1894,262.64,1,false,36.30
1895,267.86,1,false,36.30
1896,268.70,1,false,36.30
1897,261.91,1,false,36.30
1898,264.06,1,false,36.30
1899,260.25,1,false,36.30
